[
    {
      "id": 1,
      "name": "Jishu Adhikary",
      "data": "Sample data 1",
      "comment": "This is the first comment."
    },
    {
      "id": 2,
      "name": "Riya Sen",
      "data": "Sample data 2",
      "comment": "This is another comment."
    },
    {
      "id": 3,
      "name": "Amit Kumar",
      "data": "Sample data 3",
      "comment": "Comment for the third item."
    },
    {
      "id": 4,
      "name": "Sneha Roy",
      "data": "Sample data 4",
      "comment": "Yet another comment here."
    }
  ]
  